type,name,size,i,time,verification
sorting,nativo,1,0,0.000015,1
sorting,nativo,1,1,0.000001,1
sorting,nativo,1,2,0.000000,1
sorting,nativo,1,3,0.000000,1
sorting,nativo,1,4,0.000000,1
sorting,nativo,1,5,0.000000,1
sorting,nativo,1,6,0.000001,1
sorting,nativo,1,7,0.000001,1
sorting,nativo,1,8,0.000000,1
sorting,nativo,1,9,0.000000,1
sorting,nativo,1,10,0.000000,1
sorting,nativo,1,11,0.000000,1
sorting,nativo,2,0,0.000001,1
sorting,nativo,2,1,0.000001,1
sorting,nativo,2,2,0.000001,1
sorting,nativo,2,3,0.000000,1
sorting,nativo,2,4,0.000000,1
sorting,nativo,2,5,0.000000,1
sorting,nativo,2,6,0.000001,1
sorting,nativo,2,7,0.000000,1
sorting,nativo,2,8,0.000000,1
sorting,nativo,2,9,0.000001,1
sorting,nativo,2,10,0.000001,1
sorting,nativo,2,11,0.000001,1
sorting,nativo,4,0,0.000000,1
sorting,nativo,4,1,0.000001,1
sorting,nativo,4,2,0.000000,1
sorting,nativo,4,3,0.000001,1
sorting,nativo,4,4,0.000000,1
sorting,nativo,4,5,0.000000,1
sorting,nativo,4,6,0.000001,1
sorting,nativo,4,7,0.000000,1
sorting,nativo,4,8,0.000001,1
sorting,nativo,4,9,0.000001,1
sorting,nativo,4,10,0.000001,1
sorting,nativo,4,11,0.000000,1
sorting,nativo,8,0,0.000001,1
sorting,nativo,8,1,0.000001,1
sorting,nativo,8,2,0.000001,1
sorting,nativo,8,3,0.000000,1
sorting,nativo,8,4,0.000001,1
sorting,nativo,8,5,0.000001,1
sorting,nativo,8,6,0.000001,1
sorting,nativo,8,7,0.000000,1
sorting,nativo,8,8,0.000001,1
sorting,nativo,8,9,0.000002,1
sorting,nativo,8,10,0.000000,1
sorting,nativo,8,11,0.000000,1
sorting,nativo,16,0,0.000001,1
sorting,nativo,16,1,0.000002,1
sorting,nativo,16,2,0.000002,1
sorting,nativo,16,3,0.000001,1
sorting,nativo,16,4,0.000001,1
sorting,nativo,16,5,0.000000,1
sorting,nativo,16,6,0.000001,1
sorting,nativo,16,7,0.000001,1
sorting,nativo,16,8,0.000001,1
sorting,nativo,16,9,0.000000,1
sorting,nativo,16,10,0.000000,1
sorting,nativo,16,11,0.000001,1
sorting,nativo,32,0,0.000004,1
sorting,nativo,32,1,0.000003,1
sorting,nativo,32,2,0.000002,1
sorting,nativo,32,3,0.000001,1
sorting,nativo,32,4,0.000001,1
sorting,nativo,32,5,0.000000,1
sorting,nativo,32,6,0.000000,1
sorting,nativo,32,7,0.000001,1
sorting,nativo,32,8,0.000001,1
sorting,nativo,32,9,0.000001,1
sorting,nativo,32,10,0.000001,1
sorting,nativo,32,11,0.000001,1
sorting,nativo,64,0,0.000006,1
sorting,nativo,64,1,0.000006,1
sorting,nativo,64,2,0.000006,1
sorting,nativo,64,3,0.000005,1
sorting,nativo,64,4,0.000005,1
sorting,nativo,64,5,0.000005,1
sorting,nativo,64,6,0.000001,1
sorting,nativo,64,7,0.000001,1
sorting,nativo,64,8,0.000001,1
sorting,nativo,64,9,0.000001,1
sorting,nativo,64,10,0.000000,1
sorting,nativo,64,11,0.000001,1
sorting,nativo,128,0,0.000016,1
sorting,nativo,128,1,0.000017,1
sorting,nativo,128,2,0.000015,1
sorting,nativo,128,3,0.000014,1
sorting,nativo,128,4,0.000013,1
sorting,nativo,128,5,0.000013,1
sorting,nativo,128,6,0.000002,1
sorting,nativo,128,7,0.000002,1
sorting,nativo,128,8,0.000002,1
sorting,nativo,128,9,0.000002,1
sorting,nativo,128,10,0.000001,1
sorting,nativo,128,11,0.000002,1
sorting,nativo,256,0,0.000038,1
sorting,nativo,256,1,0.000038,1
sorting,nativo,256,2,0.000037,1
sorting,nativo,256,3,0.000026,1
sorting,nativo,256,4,0.000024,1
sorting,nativo,256,5,0.000025,1
sorting,nativo,256,6,0.000002,1
sorting,nativo,256,7,0.000002,1
sorting,nativo,256,8,0.000002,1
sorting,nativo,256,9,0.000002,1
sorting,nativo,256,10,0.000002,1
sorting,nativo,256,11,0.000002,1
sorting,nativo,512,0,0.000086,1
sorting,nativo,512,1,0.000085,1
sorting,nativo,512,2,0.000085,1
sorting,nativo,512,3,0.000065,1
sorting,nativo,512,4,0.000075,1
sorting,nativo,512,5,0.000079,1
sorting,nativo,512,6,0.000042,1
sorting,nativo,512,7,0.000027,1
sorting,nativo,512,8,0.000029,1
sorting,nativo,512,9,0.000004,1
sorting,nativo,512,10,0.000004,1
sorting,nativo,512,11,0.000003,1
sorting,nativo,1024,0,0.000185,1
sorting,nativo,1024,1,0.000195,1
sorting,nativo,1024,2,0.000179,1
sorting,nativo,1024,3,0.000145,1
sorting,nativo,1024,4,0.000165,1
sorting,nativo,1024,5,0.000170,1
sorting,nativo,1024,6,0.000112,1
sorting,nativo,1024,7,0.000149,1
sorting,nativo,1024,8,0.000088,1
sorting,nativo,1024,9,0.000007,1
sorting,nativo,1024,10,0.000008,1
sorting,nativo,1024,11,0.000007,1
sorting,nativo,2048,0,0.000455,1
sorting,nativo,2048,1,0.000458,1
sorting,nativo,2048,2,0.000422,1
sorting,nativo,2048,3,0.000328,1
sorting,nativo,2048,4,0.000355,1
sorting,nativo,2048,5,0.000496,1
sorting,nativo,2048,6,0.000220,1
sorting,nativo,2048,7,0.000217,1
sorting,nativo,2048,8,0.000215,1
sorting,nativo,2048,9,0.000014,1
sorting,nativo,2048,10,0.000014,1
sorting,nativo,2048,11,0.000013,1
sorting,nativo,4096,0,0.001065,1
sorting,nativo,4096,1,0.000975,1
sorting,nativo,4096,2,0.000974,1
sorting,nativo,4096,3,0.000767,1
sorting,nativo,4096,4,0.001071,1
sorting,nativo,4096,5,0.000825,1
sorting,nativo,4096,6,0.000630,1
sorting,nativo,4096,7,0.000565,1
sorting,nativo,4096,8,0.000562,1
sorting,nativo,4096,9,0.000226,1
sorting,nativo,4096,10,0.000250,1
sorting,nativo,4096,11,0.000217,1
sorting,nativo,8192,0,0.002797,1
sorting,nativo,8192,1,0.002801,1
sorting,nativo,8192,2,0.002337,1
sorting,nativo,8192,3,0.001825,1
sorting,nativo,8192,4,0.001836,1
sorting,nativo,8192,5,0.001887,1
sorting,nativo,8192,6,0.001671,1
sorting,nativo,8192,7,0.001345,1
sorting,nativo,8192,8,0.001323,1
sorting,nativo,8192,9,0.000721,1
sorting,nativo,8192,10,0.000699,1
sorting,nativo,8192,11,0.000646,1
sorting,nativo,16384,0,0.005657,1
sorting,nativo,16384,1,0.005268,1
sorting,nativo,16384,2,0.005387,1
sorting,nativo,16384,3,0.004063,1
sorting,nativo,16384,4,0.004234,1
sorting,nativo,16384,5,0.004356,1
sorting,nativo,16384,6,0.003297,1
sorting,nativo,16384,7,0.003174,1
sorting,nativo,16384,8,0.003135,1
sorting,nativo,16384,9,0.002144,1
sorting,nativo,16384,10,0.001684,1
sorting,nativo,16384,11,0.001818,1
sorting,nativo,32768,0,0.012942,1
sorting,nativo,32768,1,0.012972,1
sorting,nativo,32768,2,0.013405,1
sorting,nativo,32768,3,0.010011,1
sorting,nativo,32768,4,0.010022,1
sorting,nativo,32768,5,0.010547,1
sorting,nativo,32768,6,0.006831,1
sorting,nativo,32768,7,0.007232,1
sorting,nativo,32768,8,0.007140,1
sorting,nativo,32768,9,0.004854,1
sorting,nativo,32768,10,0.004168,1
sorting,nativo,32768,11,0.004007,1
sorting,insertion,1,0,0.000001,1
sorting,insertion,1,1,0.000001,1
sorting,insertion,1,2,0.000001,1
sorting,insertion,1,3,0.000001,1
sorting,insertion,1,4,0.000001,1
sorting,insertion,1,5,0.000000,1
sorting,insertion,1,6,0.000001,1
sorting,insertion,1,7,0.000001,1
sorting,insertion,1,8,0.000001,1
sorting,insertion,1,9,0.000000,1
sorting,insertion,1,10,0.000000,1
sorting,insertion,1,11,0.000000,1
sorting,insertion,2,0,0.000001,1
sorting,insertion,2,1,0.000001,1
sorting,insertion,2,2,0.000001,1
sorting,insertion,2,3,0.000000,1
sorting,insertion,2,4,0.000001,1
sorting,insertion,2,5,0.000000,1
sorting,insertion,2,6,0.000001,1
sorting,insertion,2,7,0.000000,1
sorting,insertion,2,8,0.000000,1
sorting,insertion,2,9,0.000001,1
sorting,insertion,2,10,0.000001,1
sorting,insertion,2,11,0.000001,1
sorting,insertion,4,0,0.000001,1
sorting,insertion,4,1,0.000001,1
sorting,insertion,4,2,0.000001,1
sorting,insertion,4,3,0.000001,1
sorting,insertion,4,4,0.000001,1
sorting,insertion,4,5,0.000001,1
sorting,insertion,4,6,0.000000,1
sorting,insertion,4,7,0.000001,1
sorting,insertion,4,8,0.000001,1
sorting,insertion,4,9,0.000001,1
sorting,insertion,4,10,0.000001,1
sorting,insertion,4,11,0.000001,1
sorting,insertion,8,0,0.000004,1
sorting,insertion,8,1,0.000002,1
sorting,insertion,8,2,0.000003,1
sorting,insertion,8,3,0.000001,1
sorting,insertion,8,4,0.000001,1
sorting,insertion,8,5,0.000001,1
sorting,insertion,8,6,0.000001,1
sorting,insertion,8,7,0.000002,1
sorting,insertion,8,8,0.000001,1
sorting,insertion,8,9,0.000001,1
sorting,insertion,8,10,0.000001,1
sorting,insertion,8,11,0.000002,1
sorting,insertion,16,0,0.000007,1
sorting,insertion,16,1,0.000005,1
sorting,insertion,16,2,0.000008,1
sorting,insertion,16,3,0.000002,1
sorting,insertion,16,4,0.000002,1
sorting,insertion,16,5,0.000002,1
sorting,insertion,16,6,0.000002,1
sorting,insertion,16,7,0.000002,1
sorting,insertion,16,8,0.000002,1
sorting,insertion,16,9,0.000002,1
sorting,insertion,16,10,0.000002,1
sorting,insertion,16,11,0.000002,1
sorting,insertion,32,0,0.000017,1
sorting,insertion,32,1,0.000023,1
sorting,insertion,32,2,0.000025,1
sorting,insertion,32,3,0.000004,1
sorting,insertion,32,4,0.000004,1
sorting,insertion,32,5,0.000004,1
sorting,insertion,32,6,0.000004,1
sorting,insertion,32,7,0.000004,1
sorting,insertion,32,8,0.000003,1
sorting,insertion,32,9,0.000003,1
sorting,insertion,32,10,0.000004,1
sorting,insertion,32,11,0.000004,1
sorting,insertion,64,0,0.000081,1
sorting,insertion,64,1,0.000079,1
sorting,insertion,64,2,0.000078,1
sorting,insertion,64,3,0.000061,1
sorting,insertion,64,4,0.000050,1
sorting,insertion,64,5,0.000052,1
sorting,insertion,64,6,0.000007,1
sorting,insertion,64,7,0.000007,1
sorting,insertion,64,8,0.000006,1
sorting,insertion,64,9,0.000006,1
sorting,insertion,64,10,0.000007,1
sorting,insertion,64,11,0.000007,1
sorting,insertion,128,0,0.000294,1
sorting,insertion,128,1,0.000283,1
sorting,insertion,128,2,0.000325,1
sorting,insertion,128,3,0.000284,1
sorting,insertion,128,4,0.000274,1
sorting,insertion,128,5,0.000243,1
sorting,insertion,128,6,0.000012,1
sorting,insertion,128,7,0.000012,1
sorting,insertion,128,8,0.000012,1
sorting,insertion,128,9,0.000012,1
sorting,insertion,128,10,0.000012,1
sorting,insertion,128,11,0.000012,1
sorting,insertion,256,0,0.001220,1
sorting,insertion,256,1,0.001336,1
sorting,insertion,256,2,0.001067,1
sorting,insertion,256,3,0.001110,1
sorting,insertion,256,4,0.001084,1
sorting,insertion,256,5,0.001120,1
sorting,insertion,256,6,0.000054,1
sorting,insertion,256,7,0.000023,1
sorting,insertion,256,8,0.000053,1
sorting,insertion,256,9,0.000025,1
sorting,insertion,256,10,0.000024,1
sorting,insertion,256,11,0.000023,1
sorting,insertion,512,0,0.004892,1
sorting,insertion,512,1,0.005582,1
sorting,insertion,512,2,0.004798,1
sorting,insertion,512,3,0.004921,1
sorting,insertion,512,4,0.004797,1
sorting,insertion,512,5,0.004559,1
sorting,insertion,512,6,0.003305,1
sorting,insertion,512,7,0.002626,1
sorting,insertion,512,8,0.002965,1
sorting,insertion,512,9,0.000049,1
sorting,insertion,512,10,0.000047,1
sorting,insertion,512,11,0.000047,1
sorting,insertion,1024,0,0.019596,1
sorting,insertion,1024,1,0.019549,1
sorting,insertion,1024,2,0.020136,1
sorting,insertion,1024,3,0.020908,1
sorting,insertion,1024,4,0.020308,1
sorting,insertion,1024,5,0.019120,1
sorting,insertion,1024,6,0.016062,1
sorting,insertion,1024,7,0.016668,1
sorting,insertion,1024,8,0.016169,1
sorting,insertion,1024,9,0.000097,1
sorting,insertion,1024,10,0.000097,1
sorting,insertion,1024,11,0.000099,1
sorting,insertion,2048,0,0.082165,1
sorting,insertion,2048,1,0.084607,1
sorting,insertion,2048,2,0.085636,1
sorting,insertion,2048,3,0.083093,1
sorting,insertion,2048,4,0.080909,1
sorting,insertion,2048,5,0.081924,1
sorting,insertion,2048,6,0.075215,1
sorting,insertion,2048,7,0.075491,1
sorting,insertion,2048,8,0.076869,1
sorting,insertion,2048,9,0.000193,1
sorting,insertion,2048,10,0.000188,1
sorting,insertion,2048,11,0.000188,1
sorting,insertion,4096,0,0.336276,1
sorting,insertion,4096,1,0.342781,1
sorting,insertion,4096,2,0.340079,1
sorting,insertion,4096,3,0.320171,1
sorting,insertion,4096,4,0.316821,1
sorting,insertion,4096,5,0.330555,1
sorting,insertion,4096,6,0.307559,1
sorting,insertion,4096,7,0.313037,1
sorting,insertion,4096,8,0.304277,1
sorting,insertion,4096,9,0.165827,1
sorting,insertion,4096,10,0.162511,1
sorting,insertion,4096,11,0.157770,1
sorting,insertion,8192,0,1.383337,1
sorting,insertion,8192,1,1.395157,1
sorting,insertion,8192,2,1.420422,1
sorting,insertion,8192,3,1.296638,1
sorting,insertion,8192,4,1.284104,1
sorting,insertion,8192,5,1.276209,1
sorting,insertion,8192,6,1.249245,1
sorting,insertion,8192,7,1.257828,1
sorting,insertion,8192,8,1.251027,1
sorting,insertion,8192,9,0.985242,1
sorting,insertion,8192,10,0.967132,1
sorting,insertion,8192,11,1.006818,1
sorting,insertion,16384,0,5.674821,1
sorting,insertion,16384,1,5.697000,1
sorting,insertion,16384,2,5.640674,1
sorting,insertion,16384,3,4.997490,1
sorting,insertion,16384,4,5.141667,1
sorting,insertion,16384,5,5.003249,1
sorting,insertion,16384,6,5.242080,1
sorting,insertion,16384,7,6.267494,1
sorting,insertion,16384,8,8.467277,1
sorting,insertion,16384,9,5.547420,1
sorting,insertion,16384,10,4.759684,1
sorting,insertion,16384,11,4.557661,1
sorting,mergesort,1,0,0.000002,1
sorting,mergesort,1,1,0.000001,1
sorting,mergesort,1,2,0.000000,1
sorting,mergesort,1,3,0.000000,1
sorting,mergesort,1,4,0.000001,1
sorting,mergesort,1,5,0.000000,1
sorting,mergesort,1,6,0.000000,1
sorting,mergesort,1,7,0.000000,1
sorting,mergesort,1,8,0.000001,1
sorting,mergesort,1,9,0.000001,1
sorting,mergesort,1,10,0.000000,1
sorting,mergesort,1,11,0.000000,1
sorting,mergesort,2,0,0.000023,1
sorting,mergesort,2,1,0.000002,1
sorting,mergesort,2,2,0.000002,1
sorting,mergesort,2,3,0.000001,1
sorting,mergesort,2,4,0.000001,1
sorting,mergesort,2,5,0.000002,1
sorting,mergesort,2,6,0.000001,1
sorting,mergesort,2,7,0.000001,1
sorting,mergesort,2,8,0.000001,1
sorting,mergesort,2,9,0.000001,1
sorting,mergesort,2,10,0.000001,1
sorting,mergesort,2,11,0.000001,1
sorting,mergesort,4,0,0.000005,0
sorting,mergesort,4,1,0.000003,1
sorting,mergesort,4,2,0.000004,0
sorting,mergesort,4,3,0.000003,1
sorting,mergesort,4,4,0.000003,1
sorting,mergesort,4,5,0.000004,1
sorting,mergesort,4,6,0.000004,1
sorting,mergesort,4,7,0.000003,1
sorting,mergesort,4,8,0.000003,1
sorting,mergesort,4,9,0.000003,1
sorting,mergesort,4,10,0.000004,1
sorting,mergesort,4,11,0.000003,1
sorting,mergesort,8,0,0.000008,0
sorting,mergesort,8,1,0.000008,0
sorting,mergesort,8,2,0.000008,0
sorting,mergesort,8,3,0.000008,1
sorting,mergesort,8,4,0.000007,1
sorting,mergesort,8,5,0.000007,1
sorting,mergesort,8,6,0.000007,1
sorting,mergesort,8,7,0.000007,1
sorting,mergesort,8,8,0.000007,1
sorting,mergesort,8,9,0.000008,1
sorting,mergesort,8,10,0.000008,1
sorting,mergesort,8,11,0.000008,1
sorting,mergesort,16,0,0.000019,0
sorting,mergesort,16,1,0.000018,0
sorting,mergesort,16,2,0.000019,0
sorting,mergesort,16,3,0.000017,1
sorting,mergesort,16,4,0.000017,1
sorting,mergesort,16,5,0.000017,1
sorting,mergesort,16,6,0.000016,1
sorting,mergesort,16,7,0.000017,1
sorting,mergesort,16,8,0.000016,1
sorting,mergesort,16,9,0.000016,1
sorting,mergesort,16,10,0.000016,1
sorting,mergesort,16,11,0.000017,1
sorting,mergesort,32,0,0.000043,0
sorting,mergesort,32,1,0.000042,0
sorting,mergesort,32,2,0.000042,0
sorting,mergesort,32,3,0.000041,1
sorting,mergesort,32,4,0.000037,1
sorting,mergesort,32,5,0.000037,1
sorting,mergesort,32,6,0.000037,1
sorting,mergesort,32,7,0.000037,1
sorting,mergesort,32,8,0.000037,1
sorting,mergesort,32,9,0.000037,1
sorting,mergesort,32,10,0.000036,1
sorting,mergesort,32,11,0.000037,1
sorting,mergesort,64,0,0.000095,0
sorting,mergesort,64,1,0.000094,0
sorting,mergesort,64,2,0.000095,0
sorting,mergesort,64,3,0.000091,0
sorting,mergesort,64,4,0.000087,0
sorting,mergesort,64,5,0.000128,0
sorting,mergesort,64,6,0.000119,1
sorting,mergesort,64,7,0.000096,1
sorting,mergesort,64,8,0.000094,1
sorting,mergesort,64,9,0.000082,1
sorting,mergesort,64,10,0.000081,1
sorting,mergesort,64,11,0.000082,1
sorting,mergesort,128,0,0.000212,0
sorting,mergesort,128,1,0.000211,0
sorting,mergesort,128,2,0.000210,0
sorting,mergesort,128,3,0.000190,0
sorting,mergesort,128,4,0.000203,0
sorting,mergesort,128,5,0.000221,0
sorting,mergesort,128,6,0.000186,1
sorting,mergesort,128,7,0.000182,1
sorting,mergesort,128,8,0.000188,1
sorting,mergesort,128,9,0.000173,1
sorting,mergesort,128,10,0.000168,1
sorting,mergesort,128,11,0.000172,1
sorting,mergesort,256,0,0.000564,0
sorting,mergesort,256,1,0.000467,0
sorting,mergesort,256,2,0.000433,0
sorting,mergesort,256,3,0.000419,0
sorting,mergesort,256,4,0.000418,0
sorting,mergesort,256,5,0.000418,0
sorting,mergesort,256,6,0.000407,1
sorting,mergesort,256,7,0.000441,1
sorting,mergesort,256,8,0.000479,1
sorting,mergesort,256,9,0.000431,1
sorting,mergesort,256,10,0.000424,1
sorting,mergesort,256,11,0.000373,1
sorting,mergesort,512,0,0.000953,0
sorting,mergesort,512,1,0.000985,0
sorting,mergesort,512,2,0.001096,0
sorting,mergesort,512,3,0.000951,0
sorting,mergesort,512,4,0.000933,0
sorting,mergesort,512,5,0.000966,0
sorting,mergesort,512,6,0.000903,0
sorting,mergesort,512,7,0.000877,0
sorting,mergesort,512,8,0.000869,0
sorting,mergesort,512,9,0.000804,1
sorting,mergesort,512,10,0.000844,1
sorting,mergesort,512,11,0.000897,1
sorting,mergesort,1024,0,0.002151,0
sorting,mergesort,1024,1,0.002491,0
sorting,mergesort,1024,2,0.002101,0
sorting,mergesort,1024,3,0.002090,0
sorting,mergesort,1024,4,0.002068,0
sorting,mergesort,1024,5,0.002020,0
sorting,mergesort,1024,6,0.001884,0
sorting,mergesort,1024,7,0.001974,0
sorting,mergesort,1024,8,0.001926,0
sorting,mergesort,1024,9,0.001701,1
sorting,mergesort,1024,10,0.001657,1
sorting,mergesort,1024,11,0.001722,1
sorting,mergesort,2048,0,0.004518,0
sorting,mergesort,2048,1,0.004815,0
sorting,mergesort,2048,2,0.004568,0
sorting,mergesort,2048,3,0.004529,0
sorting,mergesort,2048,4,0.004367,0
sorting,mergesort,2048,5,0.004407,0
sorting,mergesort,2048,6,0.004051,0
sorting,mergesort,2048,7,0.004437,0
sorting,mergesort,2048,8,0.004668,0
sorting,mergesort,2048,9,0.003675,1
sorting,mergesort,2048,10,0.003620,1
sorting,mergesort,2048,11,0.003663,1
sorting,mergesort,4096,0,0.009597,0
sorting,mergesort,4096,1,0.010422,0
sorting,mergesort,4096,2,0.010035,0
sorting,mergesort,4096,3,0.009691,0
sorting,mergesort,4096,4,0.010409,0
sorting,mergesort,4096,5,0.009731,0
sorting,mergesort,4096,6,0.009708,0
sorting,mergesort,4096,7,0.009329,0
sorting,mergesort,4096,8,0.009362,0
sorting,mergesort,4096,9,0.008346,0
sorting,mergesort,4096,10,0.008587,0
sorting,mergesort,4096,11,0.008524,0
sorting,mergesort,8192,0,0.022230,0
sorting,mergesort,8192,1,0.021863,0
sorting,mergesort,8192,2,0.021264,0
sorting,mergesort,8192,3,0.021394,0
sorting,mergesort,8192,4,0.020789,0
sorting,mergesort,8192,5,0.020950,0
sorting,mergesort,8192,6,0.019736,0
sorting,mergesort,8192,7,0.020300,0
sorting,mergesort,8192,8,0.020597,0
sorting,mergesort,8192,9,0.019193,0
sorting,mergesort,8192,10,0.019449,0
sorting,mergesort,8192,11,0.018777,0
sorting,mergesort,16384,0,0.046545,0
sorting,mergesort,16384,1,0.048002,0
sorting,mergesort,16384,2,0.046732,0
sorting,mergesort,16384,3,0.044549,0
sorting,mergesort,16384,4,0.044487,0
sorting,mergesort,16384,5,0.044168,0
sorting,mergesort,16384,6,0.043105,0
sorting,mergesort,16384,7,0.042297,0
sorting,mergesort,16384,8,0.043379,0
sorting,mergesort,16384,9,0.041621,0
sorting,mergesort,16384,10,0.041364,0
sorting,mergesort,16384,11,0.042123,0
sorting,mergesort,32768,0,0.099053,0
sorting,mergesort,32768,1,0.100804,0
sorting,mergesort,32768,2,0.101232,0
sorting,mergesort,32768,3,0.094071,0
sorting,mergesort,32768,4,0.094726,0
sorting,mergesort,32768,5,0.094263,0
sorting,mergesort,32768,6,0.089456,0
sorting,mergesort,32768,7,0.089991,0
sorting,mergesort,32768,8,0.091314,0
sorting,mergesort,32768,9,0.086302,0
sorting,mergesort,32768,10,0.085444,0
sorting,mergesort,32768,11,0.085780,0
freivalds,freivalds,2,0,0.000008,1
freivalds,freivalds,2,1,0.000006,1
freivalds,freivalds,2,2,0.000005,1
freivalds,freivalds,2,3,0.000005,1
freivalds,freivalds,2,4,0.000005,1
freivalds,freivalds,2,5,0.000005,0
freivalds,freivalds,2,6,0.000005,1
freivalds,freivalds,2,7,0.000004,1
freivalds,freivalds,2,8,0.000005,1
freivalds,freivalds,2,9,0.000005,1
freivalds,freivalds,2,10,0.000005,1
freivalds,freivalds,2,11,0.000005,1
freivalds,freivalds,2,12,0.000005,1
freivalds,freivalds,2,13,0.000005,1
freivalds,freivalds,2,14,0.000005,1
freivalds,freivalds,2,15,0.000005,1
freivalds,freivalds,2,16,0.000005,0
freivalds,freivalds,2,17,0.000005,1
freivalds,freivalds,2,18,0.000005,1
freivalds,freivalds,2,19,0.000005,0
freivalds,freivalds,2,20,0.000005,1
freivalds,freivalds,2,21,0.000005,1
freivalds,freivalds,2,22,0.000004,1
freivalds,freivalds,2,23,0.000005,1
freivalds,freivalds,2,24,0.000005,1
freivalds,freivalds,2,25,0.000005,1
freivalds,freivalds,2,26,0.000005,1
freivalds,freivalds,2,27,0.000005,0
freivalds,freivalds,2,28,0.000005,0
freivalds,freivalds,2,29,0.000005,1
freivalds,freivalds,2,30,0.000005,1
freivalds,freivalds,2,31,0.000005,1
freivalds,freivalds,2,32,0.000005,1
freivalds,freivalds,2,33,0.000005,1
freivalds,freivalds,2,34,0.000005,1
freivalds,freivalds,2,35,0.000005,0
freivalds,freivalds,2,36,0.000005,1
freivalds,freivalds,2,37,0.000005,1
freivalds,freivalds,2,38,0.000005,1
freivalds,freivalds,2,39,0.000005,0
freivalds,freivalds,2,40,0.000005,1
freivalds,freivalds,2,41,0.000005,1
freivalds,freivalds,2,42,0.000005,0
freivalds,freivalds,2,43,0.000005,1
freivalds,freivalds,2,44,0.000005,0
freivalds,freivalds,2,45,0.000005,1
freivalds,freivalds,2,46,0.000005,0
freivalds,freivalds,2,47,0.000005,1
freivalds,freivalds,2,48,0.000006,1
freivalds,freivalds,2,49,0.000005,0
freivalds,freivalds,4,0,0.000012,1
freivalds,freivalds,4,1,0.000010,1
freivalds,freivalds,4,2,0.000010,1
freivalds,freivalds,4,3,0.000010,1
freivalds,freivalds,4,4,0.000010,1
freivalds,freivalds,4,5,0.000010,1
freivalds,freivalds,4,6,0.000009,1
freivalds,freivalds,4,7,0.000011,1
freivalds,freivalds,4,8,0.000010,0
freivalds,freivalds,4,9,0.000010,1
freivalds,freivalds,4,10,0.000010,0
freivalds,freivalds,4,11,0.000010,0
freivalds,freivalds,4,12,0.000010,0
freivalds,freivalds,4,13,0.000009,1
freivalds,freivalds,4,14,0.000010,1
freivalds,freivalds,4,15,0.000010,1
freivalds,freivalds,4,16,0.000010,1
freivalds,freivalds,4,17,0.000010,1
freivalds,freivalds,4,18,0.000010,1
freivalds,freivalds,4,19,0.000010,1
freivalds,freivalds,4,20,0.000010,0
freivalds,freivalds,4,21,0.000010,1
freivalds,freivalds,4,22,0.000010,1
freivalds,freivalds,4,23,0.000010,0
freivalds,freivalds,4,24,0.000010,1
freivalds,freivalds,4,25,0.000010,0
freivalds,freivalds,4,26,0.000009,1
freivalds,freivalds,4,27,0.000010,1
freivalds,freivalds,4,28,0.000010,0
freivalds,freivalds,4,29,0.000010,1
freivalds,freivalds,4,30,0.000010,1
freivalds,freivalds,4,31,0.000010,1
freivalds,freivalds,4,32,0.000009,0
freivalds,freivalds,4,33,0.000010,0
freivalds,freivalds,4,34,0.000009,1
freivalds,freivalds,4,35,0.000010,1
freivalds,freivalds,4,36,0.000010,1
freivalds,freivalds,4,37,0.000010,0
freivalds,freivalds,4,38,0.000011,1
freivalds,freivalds,4,39,0.000018,1
freivalds,freivalds,4,40,0.000011,1
freivalds,freivalds,4,41,0.000010,1
freivalds,freivalds,4,42,0.000011,1
freivalds,freivalds,4,43,0.000010,1
freivalds,freivalds,4,44,0.000010,1
freivalds,freivalds,4,45,0.000010,0
freivalds,freivalds,4,46,0.000011,1
freivalds,freivalds,4,47,0.000010,1
freivalds,freivalds,4,48,0.000010,1
freivalds,freivalds,4,49,0.000011,1
freivalds,freivalds,8,0,0.000046,1
freivalds,freivalds,8,1,0.000026,0
freivalds,freivalds,8,2,0.000027,1
freivalds,freivalds,8,3,0.000027,1
freivalds,freivalds,8,4,0.000039,1
freivalds,freivalds,8,5,0.000025,1
freivalds,freivalds,8,6,0.000027,1
freivalds,freivalds,8,7,0.000028,1
freivalds,freivalds,8,8,0.000027,1
freivalds,freivalds,8,9,0.000043,1
freivalds,freivalds,8,10,0.000042,1
freivalds,freivalds,8,11,0.000027,1
freivalds,freivalds,8,12,0.000025,0
freivalds,freivalds,8,13,0.000027,1
freivalds,freivalds,8,14,0.000026,1
freivalds,freivalds,8,15,0.000030,1
freivalds,freivalds,8,16,0.000027,1
freivalds,freivalds,8,17,0.000026,0
freivalds,freivalds,8,18,0.000026,1
freivalds,freivalds,8,19,0.000027,0
freivalds,freivalds,8,20,0.000027,0
freivalds,freivalds,8,21,0.000079,0
freivalds,freivalds,8,22,0.000046,1
freivalds,freivalds,8,23,0.000025,1
freivalds,freivalds,8,24,0.000026,1
freivalds,freivalds,8,25,0.000026,1
freivalds,freivalds,8,26,0.000027,1
freivalds,freivalds,8,27,0.000026,0
freivalds,freivalds,8,28,0.000025,1
freivalds,freivalds,8,29,0.000026,1
freivalds,freivalds,8,30,0.000025,1
freivalds,freivalds,8,31,0.000025,1
freivalds,freivalds,8,32,0.000025,1
freivalds,freivalds,8,33,0.000025,1
freivalds,freivalds,8,34,0.000025,0
freivalds,freivalds,8,35,0.000025,0
freivalds,freivalds,8,36,0.000025,1
freivalds,freivalds,8,37,0.000025,1
freivalds,freivalds,8,38,0.000025,0
freivalds,freivalds,8,39,0.000026,1
freivalds,freivalds,8,40,0.000038,1
freivalds,freivalds,8,41,0.000025,1
freivalds,freivalds,8,42,0.000025,1
freivalds,freivalds,8,43,0.000025,1
freivalds,freivalds,8,44,0.000025,1
freivalds,freivalds,8,45,0.000024,1
freivalds,freivalds,8,46,0.000025,1
freivalds,freivalds,8,47,0.000025,1
freivalds,freivalds,8,48,0.000026,1
freivalds,freivalds,8,49,0.000025,1
freivalds,freivalds,16,0,0.000077,1
freivalds,freivalds,16,1,0.000110,1
freivalds,freivalds,16,2,0.000076,1
freivalds,freivalds,16,3,0.000076,1
freivalds,freivalds,16,4,0.000078,1
freivalds,freivalds,16,5,0.000077,0
freivalds,freivalds,16,6,0.000077,1
freivalds,freivalds,16,7,0.000078,1
freivalds,freivalds,16,8,0.000076,1
freivalds,freivalds,16,9,0.000077,1
freivalds,freivalds,16,10,0.000075,1
freivalds,freivalds,16,11,0.000080,1
freivalds,freivalds,16,12,0.000075,0
freivalds,freivalds,16,13,0.000079,1
freivalds,freivalds,16,14,0.000102,0
freivalds,freivalds,16,15,0.000113,1
freivalds,freivalds,16,16,0.000111,1
freivalds,freivalds,16,17,0.000113,1
freivalds,freivalds,16,18,0.000077,1
freivalds,freivalds,16,19,0.000076,1
freivalds,freivalds,16,20,0.000077,1
freivalds,freivalds,16,21,0.000078,1
freivalds,freivalds,16,22,0.000078,1
freivalds,freivalds,16,23,0.000076,1
freivalds,freivalds,16,24,0.000078,1
freivalds,freivalds,16,25,0.000078,1
freivalds,freivalds,16,26,0.000077,1
freivalds,freivalds,16,27,0.000076,1
freivalds,freivalds,16,28,0.000077,1
freivalds,freivalds,16,29,0.000075,0
freivalds,freivalds,16,30,0.000077,1
freivalds,freivalds,16,31,0.000077,1
freivalds,freivalds,16,32,0.000076,1
freivalds,freivalds,16,33,0.000076,1
freivalds,freivalds,16,34,0.000077,1
freivalds,freivalds,16,35,0.000076,1
freivalds,freivalds,16,36,0.000076,1
freivalds,freivalds,16,37,0.000076,0
freivalds,freivalds,16,38,0.000077,1
freivalds,freivalds,16,39,0.000076,1
freivalds,freivalds,16,40,0.000077,0
freivalds,freivalds,16,41,0.000077,1
freivalds,freivalds,16,42,0.000078,1
freivalds,freivalds,16,43,0.000076,0
freivalds,freivalds,16,44,0.000076,1
freivalds,freivalds,16,45,0.000077,1
freivalds,freivalds,16,46,0.000116,0
freivalds,freivalds,16,47,0.000078,1
freivalds,freivalds,16,48,0.000076,1
freivalds,freivalds,16,49,0.000095,0
freivalds,freivalds,32,0,0.000260,1
freivalds,freivalds,32,1,0.000295,1
freivalds,freivalds,32,2,0.000269,0
freivalds,freivalds,32,3,0.000246,0
freivalds,freivalds,32,4,0.000283,1
freivalds,freivalds,32,5,0.000282,1
freivalds,freivalds,32,6,0.000273,0
freivalds,freivalds,32,7,0.000246,1
freivalds,freivalds,32,8,0.000259,1
freivalds,freivalds,32,9,0.000260,1
freivalds,freivalds,32,10,0.000262,1
freivalds,freivalds,32,11,0.000293,0
freivalds,freivalds,32,12,0.000261,1
freivalds,freivalds,32,13,0.000257,1
freivalds,freivalds,32,14,0.000259,1
freivalds,freivalds,32,15,0.000258,1
freivalds,freivalds,32,16,0.000259,1
freivalds,freivalds,32,17,0.000291,0
freivalds,freivalds,32,18,0.000271,0
freivalds,freivalds,32,19,0.000245,1
freivalds,freivalds,32,20,0.000249,0
freivalds,freivalds,32,21,0.000279,0
freivalds,freivalds,32,22,0.000264,0
freivalds,freivalds,32,23,0.000271,0
freivalds,freivalds,32,24,0.000246,0
freivalds,freivalds,32,25,0.000246,1
freivalds,freivalds,32,26,0.000246,0
freivalds,freivalds,32,27,0.000260,1
freivalds,freivalds,32,28,0.000509,1
freivalds,freivalds,32,29,0.000267,0
freivalds,freivalds,32,30,0.000269,1
freivalds,freivalds,32,31,0.000268,1
freivalds,freivalds,32,32,0.000268,1
freivalds,freivalds,32,33,0.000270,1
freivalds,freivalds,32,34,0.000268,1
freivalds,freivalds,32,35,0.000286,0
freivalds,freivalds,32,36,0.000282,1
freivalds,freivalds,32,37,0.000279,1
freivalds,freivalds,32,38,0.000260,1
freivalds,freivalds,32,39,0.000330,1
freivalds,freivalds,32,40,0.000245,1
freivalds,freivalds,32,41,0.000247,1
freivalds,freivalds,32,42,0.000247,1
freivalds,freivalds,32,43,0.000285,0
freivalds,freivalds,32,44,0.000323,0
freivalds,freivalds,32,45,0.000247,1
freivalds,freivalds,32,46,0.000247,1
freivalds,freivalds,32,47,0.000248,1
freivalds,freivalds,32,48,0.000266,1
freivalds,freivalds,32,49,0.000262,1
freivalds,freivalds,64,0,0.001088,1
freivalds,freivalds,64,1,0.000893,1
freivalds,freivalds,64,2,0.000963,0
freivalds,freivalds,64,3,0.000945,0
freivalds,freivalds,64,4,0.000933,1
freivalds,freivalds,64,5,0.001031,1
freivalds,freivalds,64,6,0.000889,1
freivalds,freivalds,64,7,0.000888,1
freivalds,freivalds,64,8,0.001130,0
freivalds,freivalds,64,9,0.000888,1
freivalds,freivalds,64,10,0.001089,1
freivalds,freivalds,64,11,0.001185,0
freivalds,freivalds,64,12,0.000889,1
freivalds,freivalds,64,13,0.000890,0
freivalds,freivalds,64,14,0.001081,1
freivalds,freivalds,64,15,0.000889,0
freivalds,freivalds,64,16,0.000936,1
freivalds,freivalds,64,17,0.000978,1
freivalds,freivalds,64,18,0.000920,1
freivalds,freivalds,64,19,0.000891,1
freivalds,freivalds,64,20,0.000923,0
freivalds,freivalds,64,21,0.000956,1
freivalds,freivalds,64,22,0.000885,1
freivalds,freivalds,64,23,0.000944,1
freivalds,freivalds,64,24,0.000955,0
freivalds,freivalds,64,25,0.000958,0
freivalds,freivalds,64,26,0.000976,1
freivalds,freivalds,64,27,0.001004,0
freivalds,freivalds,64,28,0.000884,1
freivalds,freivalds,64,29,0.000922,0
freivalds,freivalds,64,30,0.000886,1
freivalds,freivalds,64,31,0.000901,1
freivalds,freivalds,64,32,0.000922,1
freivalds,freivalds,64,33,0.000923,0
freivalds,freivalds,64,34,0.000887,1
freivalds,freivalds,64,35,0.000993,0
freivalds,freivalds,64,36,0.000887,1
freivalds,freivalds,64,37,0.000939,0
freivalds,freivalds,64,38,0.000918,1
freivalds,freivalds,64,39,0.000918,1
freivalds,freivalds,64,40,0.001017,1
freivalds,freivalds,64,41,0.000919,1
freivalds,freivalds,64,42,0.000882,0
freivalds,freivalds,64,43,0.001060,0
freivalds,freivalds,64,44,0.000922,1
freivalds,freivalds,64,45,0.000989,1
freivalds,freivalds,64,46,0.001124,1
freivalds,freivalds,64,47,0.000999,1
freivalds,freivalds,64,48,0.000980,1
freivalds,freivalds,64,49,0.000922,1
freivalds,freivalds,128,0,0.003786,1
freivalds,freivalds,128,1,0.003723,0
freivalds,freivalds,128,2,0.003668,1
freivalds,freivalds,128,3,0.003642,1
freivalds,freivalds,128,4,0.003560,1
freivalds,freivalds,128,5,0.003742,0
freivalds,freivalds,128,6,0.003766,1
freivalds,freivalds,128,7,0.003757,1
freivalds,freivalds,128,8,0.003610,1
freivalds,freivalds,128,9,0.003618,1
freivalds,freivalds,128,10,0.003719,1
freivalds,freivalds,128,11,0.004385,0
freivalds,freivalds,128,12,0.003621,1
freivalds,freivalds,128,13,0.003790,1
freivalds,freivalds,128,14,0.003766,0
freivalds,freivalds,128,15,0.003676,1
freivalds,freivalds,128,16,0.003734,1
freivalds,freivalds,128,17,0.003609,1
freivalds,freivalds,128,18,0.003628,1
freivalds,freivalds,128,19,0.003613,1
freivalds,freivalds,128,20,0.003819,0
freivalds,freivalds,128,21,0.003509,1
freivalds,freivalds,128,22,0.003723,1
freivalds,freivalds,128,23,0.003833,1
freivalds,freivalds,128,24,0.003748,1
freivalds,freivalds,128,25,0.003843,0
freivalds,freivalds,128,26,0.003489,1
freivalds,freivalds,128,27,0.003813,1
freivalds,freivalds,128,28,0.003909,1
freivalds,freivalds,128,29,0.003533,1
freivalds,freivalds,128,30,0.003557,1
freivalds,freivalds,128,31,0.003595,1
freivalds,freivalds,128,32,0.003727,0
freivalds,freivalds,128,33,0.004320,0
freivalds,freivalds,128,34,0.003704,1
freivalds,freivalds,128,35,0.003759,1
freivalds,freivalds,128,36,0.003638,1
freivalds,freivalds,128,37,0.003745,1
freivalds,freivalds,128,38,0.004339,1
freivalds,freivalds,128,39,0.004236,1
freivalds,freivalds,128,40,0.003683,0
freivalds,freivalds,128,41,0.003747,1
freivalds,freivalds,128,42,0.003439,1
freivalds,freivalds,128,43,0.003568,1
freivalds,freivalds,128,44,0.003792,1
freivalds,freivalds,128,45,0.003669,1
freivalds,freivalds,128,46,0.003710,1
freivalds,freivalds,128,47,0.003560,1
freivalds,freivalds,128,48,0.003696,1
freivalds,freivalds,128,49,0.003589,1
freivalds,amplified-freivalds,2,0,0.000264,1
freivalds,amplified-freivalds,2,1,0.000015,1
freivalds,amplified-freivalds,2,2,0.000006,1
freivalds,amplified-freivalds,2,3,0.000224,1
freivalds,amplified-freivalds,2,4,0.000258,1
freivalds,amplified-freivalds,2,5,0.000023,1
freivalds,amplified-freivalds,2,6,0.000014,1
freivalds,amplified-freivalds,2,7,0.000006,1
freivalds,amplified-freivalds,2,8,0.000028,1
freivalds,amplified-freivalds,2,9,0.000221,1
freivalds,amplified-freivalds,2,10,0.000010,1
freivalds,amplified-freivalds,2,11,0.000220,1
freivalds,amplified-freivalds,2,12,0.000010,1
freivalds,amplified-freivalds,2,13,0.000015,1
freivalds,amplified-freivalds,2,14,0.000023,1
freivalds,amplified-freivalds,2,15,0.000010,1
freivalds,amplified-freivalds,2,16,0.000005,1
freivalds,amplified-freivalds,2,17,0.000005,1
freivalds,amplified-freivalds,2,18,0.000005,1
freivalds,amplified-freivalds,2,19,0.000005,1
freivalds,amplified-freivalds,2,20,0.000222,1
freivalds,amplified-freivalds,2,21,0.000222,1
freivalds,amplified-freivalds,2,22,0.000005,1
freivalds,amplified-freivalds,2,23,0.000221,1
freivalds,amplified-freivalds,2,24,0.000222,1
freivalds,amplified-freivalds,2,25,0.000238,1
freivalds,amplified-freivalds,2,26,0.000006,1
freivalds,amplified-freivalds,2,27,0.000334,1
freivalds,amplified-freivalds,2,28,0.000020,1
freivalds,amplified-freivalds,2,29,0.000234,1
freivalds,amplified-freivalds,2,30,0.000005,1
freivalds,amplified-freivalds,2,31,0.000221,1
freivalds,amplified-freivalds,2,32,0.000005,1
freivalds,amplified-freivalds,2,33,0.000225,1
freivalds,amplified-freivalds,2,34,0.000272,1
freivalds,amplified-freivalds,2,35,0.000219,1
freivalds,amplified-freivalds,2,36,0.000006,1
freivalds,amplified-freivalds,2,37,0.000222,1
freivalds,amplified-freivalds,2,38,0.000006,1
freivalds,amplified-freivalds,2,39,0.000006,1
freivalds,amplified-freivalds,2,40,0.000010,1
freivalds,amplified-freivalds,2,41,0.000257,1
freivalds,amplified-freivalds,2,42,0.000006,1
freivalds,amplified-freivalds,2,43,0.000006,1
freivalds,amplified-freivalds,2,44,0.000226,1
freivalds,amplified-freivalds,2,45,0.000225,1
freivalds,amplified-freivalds,2,46,0.000239,1
freivalds,amplified-freivalds,2,47,0.000236,1
freivalds,amplified-freivalds,2,48,0.000221,1
freivalds,amplified-freivalds,2,49,0.000018,1
freivalds,amplified-freivalds,4,0,0.000460,1
freivalds,amplified-freivalds,4,1,0.000048,1
freivalds,amplified-freivalds,4,2,0.000457,1
freivalds,amplified-freivalds,4,3,0.000529,1
freivalds,amplified-freivalds,4,4,0.000589,1
freivalds,amplified-freivalds,4,5,0.000474,1
freivalds,amplified-freivalds,4,6,0.000010,1
freivalds,amplified-freivalds,4,7,0.000458,1
freivalds,amplified-freivalds,4,8,0.000029,1
freivalds,amplified-freivalds,4,9,0.000530,1
freivalds,amplified-freivalds,4,10,0.000481,1
freivalds,amplified-freivalds,4,11,0.000011,1
freivalds,amplified-freivalds,4,12,0.000516,1
freivalds,amplified-freivalds,4,13,0.000012,1
freivalds,amplified-freivalds,4,14,0.000011,1
freivalds,amplified-freivalds,4,15,0.000011,1
freivalds,amplified-freivalds,4,16,0.000483,1
freivalds,amplified-freivalds,4,17,0.000031,1
freivalds,amplified-freivalds,4,18,0.000519,1
freivalds,amplified-freivalds,4,19,0.000021,1
freivalds,amplified-freivalds,4,20,0.000574,1
freivalds,amplified-freivalds,4,21,0.000012,1
freivalds,amplified-freivalds,4,22,0.000050,1
freivalds,amplified-freivalds,4,23,0.000483,1
freivalds,amplified-freivalds,4,24,0.000485,1
freivalds,amplified-freivalds,4,25,0.000486,1
freivalds,amplified-freivalds,4,26,0.000011,1
freivalds,amplified-freivalds,4,27,0.000483,1
freivalds,amplified-freivalds,4,28,0.000491,1
freivalds,amplified-freivalds,4,29,0.000598,1
freivalds,amplified-freivalds,4,30,0.000493,1
freivalds,amplified-freivalds,4,31,0.000021,1
freivalds,amplified-freivalds,4,32,0.000483,1
freivalds,amplified-freivalds,4,33,0.000593,1
freivalds,amplified-freivalds,4,34,0.000514,1
freivalds,amplified-freivalds,4,35,0.000011,1
freivalds,amplified-freivalds,4,36,0.000041,1
freivalds,amplified-freivalds,4,37,0.000011,1
freivalds,amplified-freivalds,4,38,0.000515,1
freivalds,amplified-freivalds,4,39,0.000011,1
freivalds,amplified-freivalds,4,40,0.000484,1
freivalds,amplified-freivalds,4,41,0.000554,1
freivalds,amplified-freivalds,4,42,0.000020,1
freivalds,amplified-freivalds,4,43,0.000038,1
freivalds,amplified-freivalds,4,44,0.000457,1
freivalds,amplified-freivalds,4,45,0.000011,1
freivalds,amplified-freivalds,4,46,0.000577,1
freivalds,amplified-freivalds,4,47,0.000031,1
freivalds,amplified-freivalds,4,48,0.000483,1
freivalds,amplified-freivalds,4,49,0.000486,1
freivalds,amplified-freivalds,8,0,0.001319,1
freivalds,amplified-freivalds,8,1,0.001214,1
freivalds,amplified-freivalds,8,2,0.000027,1
freivalds,amplified-freivalds,8,3,0.000051,1
freivalds,amplified-freivalds,8,4,0.000127,1
freivalds,amplified-freivalds,8,5,0.001332,1
freivalds,amplified-freivalds,8,6,0.001673,1
freivalds,amplified-freivalds,8,7,0.001263,1
freivalds,amplified-freivalds,8,8,0.000026,1
freivalds,amplified-freivalds,8,9,0.000090,1
freivalds,amplified-freivalds,8,10,0.000026,1
freivalds,amplified-freivalds,8,11,0.001289,1
freivalds,amplified-freivalds,8,12,0.001357,1
freivalds,amplified-freivalds,8,13,0.001219,1
freivalds,amplified-freivalds,8,14,0.001215,1
freivalds,amplified-freivalds,8,15,0.000148,1
freivalds,amplified-freivalds,8,16,0.001246,1
freivalds,amplified-freivalds,8,17,0.001346,1
freivalds,amplified-freivalds,8,18,0.000026,1
freivalds,amplified-freivalds,8,19,0.000026,1
freivalds,amplified-freivalds,8,20,0.000026,1
freivalds,amplified-freivalds,8,21,0.000026,1
freivalds,amplified-freivalds,8,22,0.000126,1
freivalds,amplified-freivalds,8,23,0.001263,1
freivalds,amplified-freivalds,8,24,0.001272,1
freivalds,amplified-freivalds,8,25,0.001338,1
freivalds,amplified-freivalds,8,26,0.000053,1
freivalds,amplified-freivalds,8,27,0.000027,1
freivalds,amplified-freivalds,8,28,0.001412,1
freivalds,amplified-freivalds,8,29,0.000072,1
freivalds,amplified-freivalds,8,30,0.001262,1
freivalds,amplified-freivalds,8,31,0.001187,1
freivalds,amplified-freivalds,8,32,0.001334,1
freivalds,amplified-freivalds,8,33,0.001148,1
freivalds,amplified-freivalds,8,34,0.001227,1
freivalds,amplified-freivalds,8,35,0.000071,1
freivalds,amplified-freivalds,8,36,0.000051,1
freivalds,amplified-freivalds,8,37,0.001414,1
freivalds,amplified-freivalds,8,38,0.001156,1
freivalds,amplified-freivalds,8,39,0.001153,1
freivalds,amplified-freivalds,8,40,0.001280,1
freivalds,amplified-freivalds,8,41,0.000025,1
freivalds,amplified-freivalds,8,42,0.001344,1
freivalds,amplified-freivalds,8,43,0.001151,1
freivalds,amplified-freivalds,8,44,0.001205,1
freivalds,amplified-freivalds,8,45,0.001185,1
freivalds,amplified-freivalds,8,46,0.001301,1
freivalds,amplified-freivalds,8,47,0.000025,1
freivalds,amplified-freivalds,8,48,0.001191,1
freivalds,amplified-freivalds,8,49,0.001155,1
freivalds,amplified-freivalds,16,0,0.003901,1
freivalds,amplified-freivalds,16,1,0.003880,1
freivalds,amplified-freivalds,16,2,0.000075,1
freivalds,amplified-freivalds,16,3,0.003881,1
freivalds,amplified-freivalds,16,4,0.000146,1
freivalds,amplified-freivalds,16,5,0.000074,1
freivalds,amplified-freivalds,16,6,0.000074,1
freivalds,amplified-freivalds,16,7,0.000217,1
freivalds,amplified-freivalds,16,8,0.000075,1
freivalds,amplified-freivalds,16,9,0.003836,1
freivalds,amplified-freivalds,16,10,0.003940,1
freivalds,amplified-freivalds,16,11,0.000078,1
freivalds,amplified-freivalds,16,12,0.003952,1
freivalds,amplified-freivalds,16,13,0.003785,1
freivalds,amplified-freivalds,16,14,0.003913,1
freivalds,amplified-freivalds,16,15,0.000074,1
freivalds,amplified-freivalds,16,16,0.000358,1
freivalds,amplified-freivalds,16,17,0.000354,1
freivalds,amplified-freivalds,16,18,0.000080,1
freivalds,amplified-freivalds,16,19,0.003820,1
freivalds,amplified-freivalds,16,20,0.000079,1
freivalds,amplified-freivalds,16,21,0.000155,1
freivalds,amplified-freivalds,16,22,0.003753,1
freivalds,amplified-freivalds,16,23,0.000253,1
freivalds,amplified-freivalds,16,24,0.000075,1
freivalds,amplified-freivalds,16,25,0.000146,1
freivalds,amplified-freivalds,16,26,0.004726,1
freivalds,amplified-freivalds,16,27,0.004002,1
freivalds,amplified-freivalds,16,28,0.000231,1
freivalds,amplified-freivalds,16,29,0.003924,1
freivalds,amplified-freivalds,16,30,0.000079,1
freivalds,amplified-freivalds,16,31,0.000078,1
freivalds,amplified-freivalds,16,32,0.000078,1
freivalds,amplified-freivalds,16,33,0.004101,1
freivalds,amplified-freivalds,16,34,0.004050,1
freivalds,amplified-freivalds,16,35,0.000074,1
freivalds,amplified-freivalds,16,36,0.000074,1
freivalds,amplified-freivalds,16,37,0.000146,1
freivalds,amplified-freivalds,16,38,0.000146,1
freivalds,amplified-freivalds,16,39,0.004214,1
freivalds,amplified-freivalds,16,40,0.000079,1
freivalds,amplified-freivalds,16,41,0.003811,1
freivalds,amplified-freivalds,16,42,0.003984,1
freivalds,amplified-freivalds,16,43,0.000153,1
freivalds,amplified-freivalds,16,44,0.000079,1
freivalds,amplified-freivalds,16,45,0.003759,1
freivalds,amplified-freivalds,16,46,0.003701,1
freivalds,amplified-freivalds,16,47,0.000074,1
freivalds,amplified-freivalds,16,48,0.000075,1
freivalds,amplified-freivalds,16,49,0.003874,1
freivalds,amplified-freivalds,32,0,0.001379,1
freivalds,amplified-freivalds,32,1,0.012919,1
freivalds,amplified-freivalds,32,2,0.000634,1
freivalds,amplified-freivalds,32,3,0.013546,1
freivalds,amplified-freivalds,32,4,0.013526,1
freivalds,amplified-freivalds,32,5,0.012934,1
freivalds,amplified-freivalds,32,6,0.013409,1
freivalds,amplified-freivalds,32,7,0.000265,1
freivalds,amplified-freivalds,32,8,0.000263,1
freivalds,amplified-freivalds,32,9,0.000264,1
freivalds,amplified-freivalds,32,10,0.013449,1
freivalds,amplified-freivalds,32,11,0.000501,1
freivalds,amplified-freivalds,32,12,0.000251,1
freivalds,amplified-freivalds,32,13,0.000854,1
freivalds,amplified-freivalds,32,14,0.000250,1
freivalds,amplified-freivalds,32,15,0.000264,1
freivalds,amplified-freivalds,32,16,0.013007,1
freivalds,amplified-freivalds,32,17,0.000250,1
freivalds,amplified-freivalds,32,18,0.000512,1
freivalds,amplified-freivalds,32,19,0.000248,1
freivalds,amplified-freivalds,32,20,0.000889,1
freivalds,amplified-freivalds,32,21,0.000498,1
freivalds,amplified-freivalds,32,22,0.013336,1
freivalds,amplified-freivalds,32,23,0.012886,1
freivalds,amplified-freivalds,32,24,0.000333,1
freivalds,amplified-freivalds,32,25,0.000302,1
freivalds,amplified-freivalds,32,26,0.000263,1
freivalds,amplified-freivalds,32,27,0.012929,1
freivalds,amplified-freivalds,32,28,0.012945,1
freivalds,amplified-freivalds,32,29,0.013086,1
freivalds,amplified-freivalds,32,30,0.013023,1
freivalds,amplified-freivalds,32,31,0.013162,1
freivalds,amplified-freivalds,32,32,0.000743,1
freivalds,amplified-freivalds,32,33,0.000532,1
freivalds,amplified-freivalds,32,34,0.000285,1
freivalds,amplified-freivalds,32,35,0.013041,1
freivalds,amplified-freivalds,32,36,0.000498,1
freivalds,amplified-freivalds,32,37,0.013058,1
freivalds,amplified-freivalds,32,38,0.000519,1
freivalds,amplified-freivalds,32,39,0.000538,1
freivalds,amplified-freivalds,32,40,0.000450,1
freivalds,amplified-freivalds,32,41,0.012896,1
freivalds,amplified-freivalds,32,42,0.000305,1
freivalds,amplified-freivalds,32,43,0.013015,1
freivalds,amplified-freivalds,32,44,0.012927,1
freivalds,amplified-freivalds,32,45,0.000250,1
freivalds,amplified-freivalds,32,46,0.002303,1
freivalds,amplified-freivalds,32,47,0.000785,1
freivalds,amplified-freivalds,32,48,0.013184,1
freivalds,amplified-freivalds,32,49,0.012881,1
freivalds,amplified-freivalds,64,0,0.001853,1
freivalds,amplified-freivalds,64,1,0.047587,1
freivalds,amplified-freivalds,64,2,0.005823,1
freivalds,amplified-freivalds,64,3,0.002984,1
freivalds,amplified-freivalds,64,4,0.047160,1
freivalds,amplified-freivalds,64,5,0.047783,1
freivalds,amplified-freivalds,64,6,0.049896,1
freivalds,amplified-freivalds,64,7,0.001908,1
freivalds,amplified-freivalds,64,8,0.002908,1
freivalds,amplified-freivalds,64,9,0.002887,1
freivalds,amplified-freivalds,64,10,0.001815,1
freivalds,amplified-freivalds,64,11,0.000894,1
freivalds,amplified-freivalds,64,12,0.049794,1
freivalds,amplified-freivalds,64,13,0.047773,1
freivalds,amplified-freivalds,64,14,0.002026,1
freivalds,amplified-freivalds,64,15,0.047197,1
freivalds,amplified-freivalds,64,16,0.047298,1
freivalds,amplified-freivalds,64,17,0.000927,1
freivalds,amplified-freivalds,64,18,0.000891,1
freivalds,amplified-freivalds,64,19,0.000929,1
freivalds,amplified-freivalds,64,20,0.001888,1
freivalds,amplified-freivalds,64,21,0.000930,1
freivalds,amplified-freivalds,64,22,0.047967,1
freivalds,amplified-freivalds,64,23,0.001817,1
freivalds,amplified-freivalds,64,24,0.048809,1
freivalds,amplified-freivalds,64,25,0.047471,1
freivalds,amplified-freivalds,64,26,0.048091,1
freivalds,amplified-freivalds,64,27,0.047440,1
freivalds,amplified-freivalds,64,28,0.047782,1
freivalds,amplified-freivalds,64,29,0.047952,1
freivalds,amplified-freivalds,64,30,0.047476,1
freivalds,amplified-freivalds,64,31,0.047876,1
freivalds,amplified-freivalds,64,32,0.048637,1
freivalds,amplified-freivalds,64,33,0.047671,1
freivalds,amplified-freivalds,64,34,0.047072,1
freivalds,amplified-freivalds,64,35,0.047022,1
freivalds,amplified-freivalds,64,36,0.001808,1
freivalds,amplified-freivalds,64,37,0.000941,1
freivalds,amplified-freivalds,64,38,0.047007,1
freivalds,amplified-freivalds,64,39,0.047477,1
freivalds,amplified-freivalds,64,40,0.048865,1
freivalds,amplified-freivalds,64,41,0.000926,1
freivalds,amplified-freivalds,64,42,0.050097,1
freivalds,amplified-freivalds,64,43,0.048684,1
freivalds,amplified-freivalds,64,44,0.000951,1
freivalds,amplified-freivalds,64,45,0.047725,1
freivalds,amplified-freivalds,64,46,0.002790,1
freivalds,amplified-freivalds,64,47,0.047512,1
freivalds,amplified-freivalds,64,48,0.047772,1
freivalds,amplified-freivalds,64,49,0.048278,1
freivalds,amplified-freivalds,128,0,0.003659,1
freivalds,amplified-freivalds,128,1,0.186872,1
freivalds,amplified-freivalds,128,2,0.010815,1
freivalds,amplified-freivalds,128,3,0.003829,1
freivalds,amplified-freivalds,128,4,0.003659,1
freivalds,amplified-freivalds,128,5,0.014537,1
freivalds,amplified-freivalds,128,6,0.021743,1
freivalds,amplified-freivalds,128,7,0.185318,1
freivalds,amplified-freivalds,128,8,0.003764,1
freivalds,amplified-freivalds,128,9,0.003641,1
freivalds,amplified-freivalds,128,10,0.197404,1
freivalds,amplified-freivalds,128,11,0.187069,1
freivalds,amplified-freivalds,128,12,0.003791,1
freivalds,amplified-freivalds,128,13,0.003716,1
freivalds,amplified-freivalds,128,14,0.184558,1
freivalds,amplified-freivalds,128,15,0.183767,1
freivalds,amplified-freivalds,128,16,0.184419,1
freivalds,amplified-freivalds,128,17,0.003679,1
freivalds,amplified-freivalds,128,18,0.182693,1
freivalds,amplified-freivalds,128,19,0.007347,1
freivalds,amplified-freivalds,128,20,0.182362,1
freivalds,amplified-freivalds,128,21,0.186467,1
freivalds,amplified-freivalds,128,22,0.183422,1
freivalds,amplified-freivalds,128,23,0.015054,1
freivalds,amplified-freivalds,128,24,0.007251,1
freivalds,amplified-freivalds,128,25,0.012575,1
freivalds,amplified-freivalds,128,26,0.181316,1
freivalds,amplified-freivalds,128,27,0.181101,1
freivalds,amplified-freivalds,128,28,0.014685,1
freivalds,amplified-freivalds,128,29,0.182945,1
freivalds,amplified-freivalds,128,30,0.007489,1
freivalds,amplified-freivalds,128,31,0.183777,1
freivalds,amplified-freivalds,128,32,0.011202,1
freivalds,amplified-freivalds,128,33,0.187808,1
freivalds,amplified-freivalds,128,34,0.003803,1
freivalds,amplified-freivalds,128,35,0.186190,1
freivalds,amplified-freivalds,128,36,0.003626,1
freivalds,amplified-freivalds,128,37,0.022093,1
freivalds,amplified-freivalds,128,38,0.003753,1
freivalds,amplified-freivalds,128,39,0.011151,1
freivalds,amplified-freivalds,128,40,0.003762,1
freivalds,amplified-freivalds,128,41,0.003546,1
freivalds,amplified-freivalds,128,42,0.004441,1
freivalds,amplified-freivalds,128,43,0.004177,1
freivalds,amplified-freivalds,128,44,0.011372,1
freivalds,amplified-freivalds,128,45,0.183313,1
freivalds,amplified-freivalds,128,46,0.003672,1
freivalds,amplified-freivalds,128,47,0.183350,1
freivalds,amplified-freivalds,128,48,0.014392,1
freivalds,amplified-freivalds,128,49,0.003565,1
problema-3-8,problema-3-8,16,0,0.000031,1
problema-3-8,problema-3-8,16,1,0.000024,1
problema-3-8,problema-3-8,16,2,0.000023,1
problema-3-8,problema-3-8,16,3,0.000022,1
problema-3-8,problema-3-8,16,4,0.000022,1
problema-3-8,problema-3-8,16,5,0.000023,1
problema-3-8,problema-3-8,16,6,0.000023,1
problema-3-8,problema-3-8,16,7,0.000022,1
problema-3-8,problema-3-8,16,8,0.000023,1
problema-3-8,problema-3-8,16,9,0.000022,1
problema-3-8,problema-3-8,16,10,0.000023,1
problema-3-8,problema-3-8,16,11,0.000022,1
problema-3-8,problema-3-8,16,12,0.000023,1
problema-3-8,problema-3-8,16,13,0.000035,1
problema-3-8,problema-3-8,16,14,0.000022,1
problema-3-8,problema-3-8,16,15,0.000022,1
problema-3-8,problema-3-8,16,16,0.000022,1
problema-3-8,problema-3-8,16,17,0.000022,1
problema-3-8,problema-3-8,16,18,0.000023,1
problema-3-8,problema-3-8,16,19,0.000022,1
problema-3-8,problema-3-8,16,20,0.000022,1
problema-3-8,problema-3-8,16,21,0.000022,1
problema-3-8,problema-3-8,16,22,0.000023,1
problema-3-8,problema-3-8,16,23,0.000022,1
problema-3-8,problema-3-8,16,24,0.000022,1
problema-3-8,problema-3-8,16,25,0.000022,1
problema-3-8,problema-3-8,16,26,0.000022,1
problema-3-8,problema-3-8,16,27,0.000022,1
problema-3-8,problema-3-8,16,28,0.000022,1
problema-3-8,problema-3-8,16,29,0.000023,1
problema-3-8,problema-3-8,16,30,0.000024,1
problema-3-8,problema-3-8,16,31,0.000023,1
problema-3-8,problema-3-8,16,32,0.000022,1
problema-3-8,problema-3-8,16,33,0.000022,1
problema-3-8,problema-3-8,16,34,0.000022,1
problema-3-8,problema-3-8,16,35,0.000022,1
problema-3-8,problema-3-8,16,36,0.000023,1
problema-3-8,problema-3-8,16,37,0.000022,1
problema-3-8,problema-3-8,16,38,0.000022,1
problema-3-8,problema-3-8,16,39,0.000022,1
problema-3-8,problema-3-8,16,40,0.000022,1
problema-3-8,problema-3-8,16,41,0.000022,1
problema-3-8,problema-3-8,16,42,0.000022,1
problema-3-8,problema-3-8,16,43,0.000022,1
problema-3-8,problema-3-8,16,44,0.000023,1
problema-3-8,problema-3-8,16,45,0.000022,1
problema-3-8,problema-3-8,16,46,0.000022,1
problema-3-8,problema-3-8,16,47,0.000022,1
problema-3-8,problema-3-8,16,48,0.000023,1
problema-3-8,problema-3-8,16,49,0.000021,1
problema-3-8,problema-3-8,64,0,0.000121,1
problema-3-8,problema-3-8,64,1,0.000120,1
problema-3-8,problema-3-8,64,2,0.000139,1
problema-3-8,problema-3-8,64,3,0.000187,1
problema-3-8,problema-3-8,64,4,0.000132,1
problema-3-8,problema-3-8,64,5,0.000120,1
problema-3-8,problema-3-8,64,6,0.000118,1
problema-3-8,problema-3-8,64,7,0.000118,1
problema-3-8,problema-3-8,64,8,0.000119,1
problema-3-8,problema-3-8,64,9,0.000119,1
problema-3-8,problema-3-8,64,10,0.000119,1
problema-3-8,problema-3-8,64,11,0.000119,1
problema-3-8,problema-3-8,64,12,0.000119,1
problema-3-8,problema-3-8,64,13,0.000119,1
problema-3-8,problema-3-8,64,14,0.000119,1
problema-3-8,problema-3-8,64,15,0.000117,1
problema-3-8,problema-3-8,64,16,0.000119,1
problema-3-8,problema-3-8,64,17,0.000147,1
problema-3-8,problema-3-8,64,18,0.000119,1
problema-3-8,problema-3-8,64,19,0.000120,1
problema-3-8,problema-3-8,64,20,0.000117,1
problema-3-8,problema-3-8,64,21,0.000120,1
problema-3-8,problema-3-8,64,22,0.000118,1
problema-3-8,problema-3-8,64,23,0.000117,1
problema-3-8,problema-3-8,64,24,0.000119,1
problema-3-8,problema-3-8,64,25,0.000119,1
problema-3-8,problema-3-8,64,26,0.000120,1
problema-3-8,problema-3-8,64,27,0.000159,1
problema-3-8,problema-3-8,64,28,0.000139,1
problema-3-8,problema-3-8,64,29,0.000126,1
problema-3-8,problema-3-8,64,30,0.000132,1
problema-3-8,problema-3-8,64,31,0.000185,1
problema-3-8,problema-3-8,64,32,0.000132,1
problema-3-8,problema-3-8,64,33,0.000118,1
problema-3-8,problema-3-8,64,34,0.000137,1
problema-3-8,problema-3-8,64,35,0.000153,1
problema-3-8,problema-3-8,64,36,0.000133,1
problema-3-8,problema-3-8,64,37,0.000285,1
problema-3-8,problema-3-8,64,38,0.000120,1
problema-3-8,problema-3-8,64,39,0.000119,1
problema-3-8,problema-3-8,64,40,0.000155,1
problema-3-8,problema-3-8,64,41,0.000120,1
problema-3-8,problema-3-8,64,42,0.000119,1
problema-3-8,problema-3-8,64,43,0.000119,1
problema-3-8,problema-3-8,64,44,0.000118,1
problema-3-8,problema-3-8,64,45,0.000119,1
problema-3-8,problema-3-8,64,46,0.000119,1
problema-3-8,problema-3-8,64,47,0.000119,1
problema-3-8,problema-3-8,64,48,0.000117,1
problema-3-8,problema-3-8,64,49,0.000119,1
problema-3-8,problema-3-8,256,0,0.000608,1
problema-3-8,problema-3-8,256,1,0.000618,1
problema-3-8,problema-3-8,256,2,0.000596,1
problema-3-8,problema-3-8,256,3,0.000640,1
problema-3-8,problema-3-8,256,4,0.000605,1
problema-3-8,problema-3-8,256,5,0.000606,1
problema-3-8,problema-3-8,256,6,0.000602,1
problema-3-8,problema-3-8,256,7,0.000661,1
problema-3-8,problema-3-8,256,8,0.000650,1
problema-3-8,problema-3-8,256,9,0.000697,1
problema-3-8,problema-3-8,256,10,0.000740,1
problema-3-8,problema-3-8,256,11,0.000681,1
problema-3-8,problema-3-8,256,12,0.000710,1
problema-3-8,problema-3-8,256,13,0.000681,1
problema-3-8,problema-3-8,256,14,0.000641,1
problema-3-8,problema-3-8,256,15,0.000672,1
problema-3-8,problema-3-8,256,16,0.000639,1
problema-3-8,problema-3-8,256,17,0.000645,1
problema-3-8,problema-3-8,256,18,0.000637,1
problema-3-8,problema-3-8,256,19,0.000672,1
problema-3-8,problema-3-8,256,20,0.000606,1
problema-3-8,problema-3-8,256,21,0.000605,1
problema-3-8,problema-3-8,256,22,0.000727,1
problema-3-8,problema-3-8,256,23,0.000601,1
problema-3-8,problema-3-8,256,24,0.000674,1
problema-3-8,problema-3-8,256,25,0.000604,1
problema-3-8,problema-3-8,256,26,0.000642,1
problema-3-8,problema-3-8,256,27,0.000591,1
problema-3-8,problema-3-8,256,28,0.000627,1
problema-3-8,problema-3-8,256,29,0.000660,1
problema-3-8,problema-3-8,256,30,0.000691,1
problema-3-8,problema-3-8,256,31,0.000692,1
problema-3-8,problema-3-8,256,32,0.000777,1
problema-3-8,problema-3-8,256,33,0.000698,1
problema-3-8,problema-3-8,256,34,0.000655,1
problema-3-8,problema-3-8,256,35,0.000607,1
problema-3-8,problema-3-8,256,36,0.000590,1
problema-3-8,problema-3-8,256,37,0.000644,1
problema-3-8,problema-3-8,256,38,0.000770,1
problema-3-8,problema-3-8,256,39,0.000606,1
problema-3-8,problema-3-8,256,40,0.000625,1
problema-3-8,problema-3-8,256,41,0.000620,1
problema-3-8,problema-3-8,256,42,0.000656,1
problema-3-8,problema-3-8,256,43,0.000604,1
problema-3-8,problema-3-8,256,44,0.000731,1
problema-3-8,problema-3-8,256,45,0.000604,1
problema-3-8,problema-3-8,256,46,0.000641,1
problema-3-8,problema-3-8,256,47,0.000655,1
problema-3-8,problema-3-8,256,48,0.000603,1
problema-3-8,problema-3-8,256,49,0.000590,1
problema-3-8,problema-3-8,1024,0,0.003349,1
problema-3-8,problema-3-8,1024,1,0.003344,1
problema-3-8,problema-3-8,1024,2,0.003133,1
problema-3-8,problema-3-8,1024,3,0.003198,1
problema-3-8,problema-3-8,1024,4,0.003213,1
problema-3-8,problema-3-8,1024,5,0.003150,1
problema-3-8,problema-3-8,1024,6,0.003050,1
problema-3-8,problema-3-8,1024,7,0.003136,1
problema-3-8,problema-3-8,1024,8,0.003107,1
problema-3-8,problema-3-8,1024,9,0.003180,1
problema-3-8,problema-3-8,1024,10,0.003106,1
problema-3-8,problema-3-8,1024,11,0.003002,1
problema-3-8,problema-3-8,1024,12,0.003237,1
problema-3-8,problema-3-8,1024,13,0.003118,1
problema-3-8,problema-3-8,1024,14,0.003555,1
problema-3-8,problema-3-8,1024,15,0.003703,1
problema-3-8,problema-3-8,1024,16,0.003022,1
problema-3-8,problema-3-8,1024,17,0.003262,1
problema-3-8,problema-3-8,1024,18,0.003207,1
problema-3-8,problema-3-8,1024,19,0.003150,1
problema-3-8,problema-3-8,1024,20,0.003060,1
problema-3-8,problema-3-8,1024,21,0.003138,1
problema-3-8,problema-3-8,1024,22,0.003262,1
problema-3-8,problema-3-8,1024,23,0.004021,1
problema-3-8,problema-3-8,1024,24,0.003343,1
problema-3-8,problema-3-8,1024,25,0.003189,1
problema-3-8,problema-3-8,1024,26,0.003016,1
problema-3-8,problema-3-8,1024,27,0.003306,1
problema-3-8,problema-3-8,1024,28,0.003185,1
problema-3-8,problema-3-8,1024,29,0.003136,1
problema-3-8,problema-3-8,1024,30,0.003226,1
problema-3-8,problema-3-8,1024,31,0.003161,1
problema-3-8,problema-3-8,1024,32,0.003294,1
problema-3-8,problema-3-8,1024,33,0.003668,1
problema-3-8,problema-3-8,1024,34,0.003356,1
problema-3-8,problema-3-8,1024,35,0.003112,1
problema-3-8,problema-3-8,1024,36,0.003394,1
problema-3-8,problema-3-8,1024,37,0.003275,1
problema-3-8,problema-3-8,1024,38,0.003185,1
problema-3-8,problema-3-8,1024,39,0.003183,1
problema-3-8,problema-3-8,1024,40,0.003091,1
problema-3-8,problema-3-8,1024,41,0.003117,1
problema-3-8,problema-3-8,1024,42,0.003210,1
problema-3-8,problema-3-8,1024,43,0.003195,1
problema-3-8,problema-3-8,1024,44,0.003214,1
problema-3-8,problema-3-8,1024,45,0.003165,1
problema-3-8,problema-3-8,1024,46,0.003424,1
problema-3-8,problema-3-8,1024,47,0.003282,1
problema-3-8,problema-3-8,1024,48,0.003299,1
problema-3-8,problema-3-8,1024,49,0.003185,1
problema-3-8,problema-3-8,4096,0,0.015089,1
problema-3-8,problema-3-8,4096,1,0.015131,1
problema-3-8,problema-3-8,4096,2,0.014914,1
problema-3-8,problema-3-8,4096,3,0.015171,1
problema-3-8,problema-3-8,4096,4,0.015129,1
problema-3-8,problema-3-8,4096,5,0.015007,1
problema-3-8,problema-3-8,4096,6,0.014279,1
problema-3-8,problema-3-8,4096,7,0.014713,1
problema-3-8,problema-3-8,4096,8,0.014996,1
problema-3-8,problema-3-8,4096,9,0.014979,1
problema-3-8,problema-3-8,4096,10,0.014624,1
problema-3-8,problema-3-8,4096,11,0.014757,1
problema-3-8,problema-3-8,4096,12,0.014608,1
problema-3-8,problema-3-8,4096,13,0.014287,1
problema-3-8,problema-3-8,4096,14,0.015011,1
problema-3-8,problema-3-8,4096,15,0.014996,1
problema-3-8,problema-3-8,4096,16,0.016669,1
problema-3-8,problema-3-8,4096,17,0.014857,1
problema-3-8,problema-3-8,4096,18,0.014561,1
problema-3-8,problema-3-8,4096,19,0.015038,1
problema-3-8,problema-3-8,4096,20,0.014569,1
problema-3-8,problema-3-8,4096,21,0.015240,1
problema-3-8,problema-3-8,4096,22,0.015051,1
problema-3-8,problema-3-8,4096,23,0.015047,1
problema-3-8,problema-3-8,4096,24,0.014959,1
problema-3-8,problema-3-8,4096,25,0.014950,1
problema-3-8,problema-3-8,4096,26,0.015516,1
problema-3-8,problema-3-8,4096,27,0.015377,1
problema-3-8,problema-3-8,4096,28,0.015232,1
problema-3-8,problema-3-8,4096,29,0.014899,1
problema-3-8,problema-3-8,4096,30,0.016567,1
problema-3-8,problema-3-8,4096,31,0.014992,1
problema-3-8,problema-3-8,4096,32,0.015214,1
problema-3-8,problema-3-8,4096,33,0.014861,1
problema-3-8,problema-3-8,4096,34,0.015054,1
problema-3-8,problema-3-8,4096,35,0.015078,1
problema-3-8,problema-3-8,4096,36,0.015375,1
problema-3-8,problema-3-8,4096,37,0.015539,1
problema-3-8,problema-3-8,4096,38,0.015135,1
problema-3-8,problema-3-8,4096,39,0.014776,1
problema-3-8,problema-3-8,4096,40,0.014286,1
problema-3-8,problema-3-8,4096,41,0.015246,1
problema-3-8,problema-3-8,4096,42,0.015035,1
problema-3-8,problema-3-8,4096,43,0.014996,1
problema-3-8,problema-3-8,4096,44,0.014593,1
problema-3-8,problema-3-8,4096,45,0.015058,1
problema-3-8,problema-3-8,4096,46,0.014410,1
problema-3-8,problema-3-8,4096,47,0.016161,1
problema-3-8,problema-3-8,4096,48,0.015366,1
problema-3-8,problema-3-8,4096,49,0.014815,1
problema-3-8,problema-3-8,16384,0,0.071404,1
problema-3-8,problema-3-8,16384,1,0.075191,1
problema-3-8,problema-3-8,16384,2,0.070322,1
problema-3-8,problema-3-8,16384,3,0.069653,1
problema-3-8,problema-3-8,16384,4,0.070506,1
problema-3-8,problema-3-8,16384,5,0.069635,1
problema-3-8,problema-3-8,16384,6,0.070354,1
problema-3-8,problema-3-8,16384,7,0.070059,1
problema-3-8,problema-3-8,16384,8,0.069323,1
problema-3-8,problema-3-8,16384,9,0.070675,1
problema-3-8,problema-3-8,16384,10,0.071220,1
problema-3-8,problema-3-8,16384,11,0.068433,1
problema-3-8,problema-3-8,16384,12,0.066852,1
problema-3-8,problema-3-8,16384,13,0.069059,1
problema-3-8,problema-3-8,16384,14,0.070395,1
problema-3-8,problema-3-8,16384,15,0.068278,1
problema-3-8,problema-3-8,16384,16,0.070346,1
problema-3-8,problema-3-8,16384,17,0.069449,1
problema-3-8,problema-3-8,16384,18,0.070635,1
problema-3-8,problema-3-8,16384,19,0.071139,1
problema-3-8,problema-3-8,16384,20,0.067451,1
problema-3-8,problema-3-8,16384,21,0.073271,1
problema-3-8,problema-3-8,16384,22,0.071854,1
problema-3-8,problema-3-8,16384,23,0.072336,1
problema-3-8,problema-3-8,16384,24,0.070860,1
problema-3-8,problema-3-8,16384,25,0.071555,1
problema-3-8,problema-3-8,16384,26,0.069618,1
problema-3-8,problema-3-8,16384,27,0.071431,1
problema-3-8,problema-3-8,16384,28,0.071595,1
problema-3-8,problema-3-8,16384,29,0.069773,1
problema-3-8,problema-3-8,16384,30,0.068934,1
problema-3-8,problema-3-8,16384,31,0.069643,1
problema-3-8,problema-3-8,16384,32,0.072558,1
problema-3-8,problema-3-8,16384,33,0.073375,1
problema-3-8,problema-3-8,16384,34,0.070560,1
problema-3-8,problema-3-8,16384,35,0.069842,1
problema-3-8,problema-3-8,16384,36,0.073125,1
problema-3-8,problema-3-8,16384,37,0.067045,1
problema-3-8,problema-3-8,16384,38,0.070277,1
problema-3-8,problema-3-8,16384,39,0.068850,1
problema-3-8,problema-3-8,16384,40,0.070993,1
problema-3-8,problema-3-8,16384,41,0.066963,1
problema-3-8,problema-3-8,16384,42,0.070623,1
problema-3-8,problema-3-8,16384,43,0.069501,1
problema-3-8,problema-3-8,16384,44,0.072729,1
problema-3-8,problema-3-8,16384,45,0.070099,1
problema-3-8,problema-3-8,16384,46,0.072653,1
problema-3-8,problema-3-8,16384,47,0.072839,1
problema-3-8,problema-3-8,16384,48,0.072928,1
problema-3-8,problema-3-8,16384,49,0.068436,1
problema-3-8,problema-3-8,65536,0,0.309114,1
problema-3-8,problema-3-8,65536,1,0.305289,1
problema-3-8,problema-3-8,65536,2,0.321120,1
problema-3-8,problema-3-8,65536,3,0.325075,1
problema-3-8,problema-3-8,65536,4,0.303983,1
problema-3-8,problema-3-8,65536,5,0.306825,1
problema-3-8,problema-3-8,65536,6,0.323522,1
problema-3-8,problema-3-8,65536,7,0.304105,1
problema-3-8,problema-3-8,65536,8,0.338277,1
problema-3-8,problema-3-8,65536,9,0.303945,1
problema-3-8,problema-3-8,65536,10,0.321892,1
problema-3-8,problema-3-8,65536,11,0.312941,1
problema-3-8,problema-3-8,65536,12,0.324453,1
problema-3-8,problema-3-8,65536,13,0.306206,1
problema-3-8,problema-3-8,65536,14,0.343943,1
problema-3-8,problema-3-8,65536,15,0.320550,1
problema-3-8,problema-3-8,65536,16,0.306500,1
problema-3-8,problema-3-8,65536,17,0.314152,1
problema-3-8,problema-3-8,65536,18,0.319522,1
problema-3-8,problema-3-8,65536,19,0.304346,1
problema-3-8,problema-3-8,65536,20,0.306874,1
problema-3-8,problema-3-8,65536,21,0.306944,1
problema-3-8,problema-3-8,65536,22,0.300531,1
problema-3-8,problema-3-8,65536,23,0.319795,1
problema-3-8,problema-3-8,65536,24,0.325278,1
problema-3-8,problema-3-8,65536,25,0.304237,1
problema-3-8,problema-3-8,65536,26,0.324102,1
problema-3-8,problema-3-8,65536,27,0.323644,1
problema-3-8,problema-3-8,65536,28,0.317473,1
problema-3-8,problema-3-8,65536,29,0.301290,1
problema-3-8,problema-3-8,65536,30,0.325445,1
problema-3-8,problema-3-8,65536,31,0.311556,1
problema-3-8,problema-3-8,65536,32,0.326893,1
problema-3-8,problema-3-8,65536,33,0.329978,1
problema-3-8,problema-3-8,65536,34,0.328184,1
problema-3-8,problema-3-8,65536,35,0.297129,1
problema-3-8,problema-3-8,65536,36,0.325110,1
problema-3-8,problema-3-8,65536,37,0.324110,1
problema-3-8,problema-3-8,65536,38,0.303684,1
problema-3-8,problema-3-8,65536,39,0.325740,1
problema-3-8,problema-3-8,65536,40,0.307517,1
problema-3-8,problema-3-8,65536,41,0.296031,1
problema-3-8,problema-3-8,65536,42,0.324707,1
problema-3-8,problema-3-8,65536,43,0.320951,1
problema-3-8,problema-3-8,65536,44,0.318370,1
problema-3-8,problema-3-8,65536,45,0.320257,1
problema-3-8,problema-3-8,65536,46,0.323409,1
problema-3-8,problema-3-8,65536,47,0.297782,1
problema-3-8,problema-3-8,65536,48,0.322711,1
problema-3-8,problema-3-8,65536,49,0.297867,1
